"","id","title","topics"
"1",71155,"Обучение наставников",17
"2",70810,"Формула образования. Школа: ученик, родитель, учитель.",25
"3",70727,"ЕГЭ по русскому: нормальные варианты",25
"4",70710,"Свободное погружение в СУБД",7
"5",70581,"Как набрать и адаптировать команду удаленщиков в отдел продаж",5
"6",70430,"Проектная смена. Экология.",29
"7",70141,"Пайка. Базовые сведенияhttps://stepik.org/teach",30
"8",62473,"Инклюзивное образование в системе СПО",3
"9",53669,"CodeWars",11
"10",70011,"Авиамоделизм. Основы аэродинамики и динамики полета моделей",28
"11",69837,"НКО-удалёнка без боли",17
"12",69691,"Цифровая экономика: как технологии меняют рынок",3
"13",69690,"Кибербезопасность: что нужно знать о новом виде защиты?",22
"14",69682,"Химия ",25
"15",69599,"Шаг к писательскому мастерству. Фанфикшн",21
"16",69499,"Моделирование в Blender 3D v2.8 для начинающих",12
"17",69464,"Информатика дистанционно (6-11 классы)",12
"18",69455,"Мой дом - мой образ жизни.",1
"19",69451,"Алгебра. ОГЭ 2020г 9 класс",19
"20",69344,"Физика (Лицей № 393, г.Санкт-Петербург)",19
"21",69267,"Информатика 6 -11 класс. Беларусь.",25
"22",69218,"Основы работы в трёхмерном редакторе Blender",12
"23",69168,"Анатомия",25
"24",69128,"Основы программирования",30
"25",69105,"Web - программирование. Создаем собственный сайт. ",27
"26",69099,"Le Français: des expressions de préférence (8-9 classe)",16
"27",69057,"Скорочтение и развитие памяти. 1 Ступень.",23
"28",62459,"Этносоциология",24
"29",68935,"Информатика для малышей",14
"30",68902,"Исполнитель Кукарача",14
"31",68842,"ПОВТОРЯЕМ ОБЩУЮ БИОЛОГИЮ",19
"32",68735,"Autodesk Inventor, основы трёхмерного моделирования",10
"33",68712,"Excel для новичков",27
"34",68669,"Статистика и вероятность. 9 класс",19
"35",66837,"The Country Studies of the UK(6 Grade)",11
"36",68651,"Производственная (преддипломная) практика",22
"37",68579,"Информатика и ИКТ в профессиональной деятельности ",3
"38",68471,"ЕГЭ. Физика. Астрономические задания.",25
"39",68160,"Дистанционный курс по геометрии. Подготовка к ОГЭ",18
"40",68091,"English. Speaking",30
"41",68019,"Bioinformatics @ TU Delft",11
"42",67994,"Человек и его здоровье (С.И.Кумичева)",30
"43",67852,"«Кванториум Магадан» ДИСТАНТ",17
"44",67849,"Физическая культура среднее звено",9
"45",67743,"Табличные вычисления на компьютере",23
"46",67706,"Дистанционное обучение 453 школа английский язык",25
"47",66833,"Educational System in the United Kingdom",26
"48",67702,"Навигация, консультирование родителей, воспитывающих детей",17
"49",67632,"Решение задач по теме ""Расчет по уравнению реакции"" 8 класс",18
"50",67571,"Дизайн интерьера ",1
"51",67569,"Технология. Прикладное творчество 6 класс",9
"52",67511,"География ",30
"53",67506,"The United Kingdom. Famous People.",11
"54",67483,"Технология. Проектная деятельность в пятом классе.",3
"55",67475,"ИЛКРК",12
"56",67380,"Русский язык. 10 класс",25
"57",67359,"Обществознание 7 класс",26
"58",67352,"Для 11 классов. Биология.",22
"59",67339,"История 7 класс",25
"60",67337,"Мобильная видеосъемка (Коноваленко Д.М. ГАОУ АО ДО ""РШТ"")",17
"61",67335,"Инструменты звуковой студии. Утямышев В.А. (ГАОУ АО ДО «РШТ»)",17
"62",66828,"Неметаллы",25
"63",67306,"Алгебра 7 класс",8
"64",67252,"Для 6 классов. Биология.",13
"65",67233,"Дистанционное обучение (ГБОУ Школа №1253, математика, 8ю и 9д)",4
"66",67132,"Практикум решения задач по физике 10 класс",19
"67",67107,"Цифровизация образования: цифровые технологии в обучении",14
"68",67028,"Астрономия",30
"69",67013,"Python и нейронные сети",29
"70",66989,"Репродуктивная система ",25
"71",66987,"Для 5 классов. Биология.",30
"72",66823,"Избранные главы математики 10 -11 класс",18
"73",66898,"Курс ""Шахматы"" Кванториум г. Севастополь. Старшие группы. ",7
"74",66861,"Профориентирование 9 класс",25
"75",66859,"The United Kingdom: Cities, Attractions, Festivals.",11
"76",66856,"The country studies of the UK (10-11 grades)",15
"77",66850,"Русский язык (8 класс)",9
"78",66845,"Литература (5 класс)",23
"79",66842,"The UK: geography, countries and capitals. 5th form",12
"80",66840,"Русский язык (5 класс)",25
"81",59467,"Физическая культура, спорт и фитнес",12
"82",66819,"Технология ведения дома. Семейная экономика.",17
"83",66792,"Как добиться успеха, решая задачки на степике",5
"84",66702,"La lengua español. 8-9 grades.",25
"85",66699,"Практикум по программированию ",23
"86",66689,"Маркетинг персонала (для студентов ОмГТУ на карантине)",18
"87",66672,"Для 9 классов. Биология.",30
"88",66667,"История - 9 класс",26
"89",66666,"3D-моделирование в blender",10
"90",66623,"Умножение и деление десятичных дробей",5
"91",66560,"Дистанционный курс по геометрии в 8 классе",19
"92",66472,"Введение в Unity",21
"93",66396,"Промышленный дизайн - вводный модуль",1
"94",66375,"Задачи по программированию из ЕГЭ ",19
"95",65930,"Курс подготовки вожатых",29
"96",66372,"Surface Water Quality: management and modeling",8
"97",66323,"Курс ""Шахматы"" Кванториум г. Севастополь. Младшие группы.",7
"98",66307,"Pharmacology ",18
"99",66200,"Общая и профессиональная культура педагога",12
"100",66195,"Английский язык для медицинских вузов",14
"101",66090,"Пробный курс Школа приложений от Geek Teachers",10
"102",65953,"Bioinformatics Algorithms @UCLA",11
"103",65359,"Эпоха цифрового развития: основы цифровой трансформации",3
"104",65915,"Олимпиада «Цифровое будущее» 2020",17
"105",65866,"Робототехника: Основы программирования на Lego EV3",12
"106",65474,"Менеджмент",3
"107",65434,"Physics. Mechanical principles",11
"108",65389,"Deep Learning (семестр 1, весна 2020): продвинутый поток",27
"109",65388,"Deep Learning (семестр 1, весна 2020): базовый поток",27
"110",62765,"English 8 klass 4ever",17
"111",65227,"Эффективное поведение на рынке труда",25
"112",65215,"Основы предпринимательской деятельности",5
"113",65192,"Документационное обеспечение управления",19
"114",65155,"PROкачай ЭКОлайф 2.0",28
"115",65051,"Правоведение",6
"116",65025,"Древнегреческий язык: Грамматический конструктор",9
"117",64961,"Психология и этика профессиональной деятельности",3
"118",64955,"Организация обслуживания в организациях общественного питания",3
"119",64951,"СОЦИАЛЬНАЯ АДАПТАЦИЯ  И ОСНОВЫ СОЦИАЛЬНО-ПРАВОВЫХ ЗНАНИЙ",6
"120",64915,"Экономика",13
"121",64886,"Дроби легко",25
"122",64843,"Рациональные числа",18
"123",64805,"Основы бережливого производства ",4
"124",64759,"Дистанционная работа со студентами",25
"125",64747,"II Международная межвузовская научно-практическая олимпиада ",29
"126",62383,"PHP для начинающих",21
"127",64598,"Глобальное управление",3
"128",64565,"ОГЭ по биологии: кратко и обо всем (Яковлева А.)",26
"129",64529,"Соточка по математике: задания 13, 15, 17",27
"130",64454,"Быстрый старт в спортивное программирование",29
"131",64331,"Школа волонтёров чтения",9
"132",64261,"Kotlin frontend",21
"133",64206,"Создание MVC фреймворка PHP",21
"134",64167,"Практика C++",16
"135",64164,"Подготовка к ЕГЭ по информатике: Теоретическая часть",18
"136",64153,"Подготовка к ЕГЭ по информатике: Практическая часть",18
"137",64111,"Подготовка к МЦКО по математике 2020 (8 класс)",18
"138",64106,"Метрология, стандартизация и подтверждение соответствия",3
"139",64025,"Веб-доступность в электронном обучении",1
"140",63982,"Что важно знать о лекарствах: обсуждаем по-английски",14
"141",63884,"Грамматика английского языка для медиков и фармацевтов – 2",9
"142",63877,"Теория и практика массовой информации",19
"143",63802,"Психология",24
"144",62345,"Игра змейка на java",21
"145",63700,"Критическое мышление",24
"146",63699,"Конституционное право России: Общая часть",6
"147",63694,"Этикет на все случаи жизни",22
"148",63620,"English and Music.The Best World Hits.",14
"149",63599,"ГЕОГРАФИЯ",30
"150",63510,"Проектирование информационных систем",23
"151",63502,"Интеллектуальные информационные системы",28
"152",63425,"Python для школьников",23
"153",63314,"Астрономия для 10 и 11 класса",30
"154",63306,"Информатика",28
"155",63223,"Программирование на Python. Начало.",12
"156",63215,"ЕГЭ по математике. Геометрия. Задачи 3, 6, 8. Подготовка к 16",18
"157",63205,"Онлайн олимпиада InnoStar Университета Иннополис",21
"158",63181,"STARK ES: Быстрый старт",19
"159",63144,"Школьный учебник русского языка: методический анализ параграфа",25
"160",63108,"Основы проектирования антенных систем ",7
"161",62709,"Основы управления. Курс для новых руководителей",1
"162",63098,"Китайский язык. Уровень 1.",16
"163",63085,"Инди-курс программирования на Python от egoroff_channel",12
"164",63067,"Sinumerik: расширенное программирование",29
"165",63060,"КОМПАС-3D v17, основы трёхмерного моделирования",10
"166",63054,"Интерактивный тренажер по SQL",7
"167",63049,"English for pupils",14
"168",63041,"Основы программирования",23
"169",63033,"Навигатор безопасности активного поколения",14
"170",62938,"CS 110 - Programming and Problem Solving",8
"171",62933,"Объектно-ориентированное программирование",21
"172",62921,"1-й тур Олимпиады-2020 по инженерному 3D-моделированию",10
"173",62871,"Copy of Государство: понятие, признаки, виды",26
"174",62846,"Игрофикация. Введение (весна 2020)",5
"175",62844,"Игрофикация. Основы (весна 2020)",5
"176",62814,"Донской регион: историко-культурные традиции и инновации",25
"177",62798,"Математика 5 класс. Учебник Мерзляк, Полонский",5
"178",62773,"UCSD CSE 11",8
"179",62306,"Задачи вступительных олимпиад физ-мат школ. 8 класс. 2020 г.",19
"180",62303,"Задачи вступительных олимпиад физ-мат школ. 9 класс. 2020 г.",19
"181",62263,"Н. Талеб ""Черный лебедь...""  Изучаем книги библиотеки Сбербанка",13
"182",62208,"Теория вероятностей в решении задач ОГЭ и ЕГЭ",18
"183",62197,"Intro to Programming in Python then Java using Media Computation",16
"184",62107,"Технологии виртуальной и дополненной реальности в образовании",21
"185",62020,"Structural Russian",7
"186",61196,"Информатика_8",23
"187",61971,"Начала программирования. Python",23
"188",61918,"Сказкотерапия по методике Надежды Зейглиш",20
"189",61900,"Flask с нуля",7
"190",61816,"Физическая культура (пластика движения)",12
"191",61795,"Поиск и привлечение инвесторов",20
"192",61774,"программирование школа 9",29
"193",61663,"Экологический контроль и надзор",6
"194",61195,"Информатика_9",23
"195",61626,"Курс программирования на Python 3 (начальный уровень 7-11 класс)",12
"196",61599,"Микроэкономика: базовый курс. Теория фирмы и рынков",4
"197",61595,"Введение в кибербезопасность",22
"198",61485,"Реклама и связи с общественностью в некоммерческой сфере",27
"199",61463,"Как стать продуктивнее?",14
"200",61179,"Основы финансовой грамотности",17
"201",61441,"Идентификация органических веществ",7
"202",61440,"Проектная деятельность на раз, два, три: концепция и применение",23
"203",61281,"Основы теории права",6
"204",61250,"Система государственного и муниципального управления",3
"205",61227,"Правоведение",6
"206",61176,"Электромагнитные явления",26
"207",61084,"""Связь времён в народном искусстве"" 5 класс ИЗО",26
"208",61070,"Системы счисления",28
"209",61022,"Замки мира",4
"210",60973,"«Мой бизнес. Старт»",5
"211",60912,"Еврейская история",24
"212",60900,"АСТРОНОМИЯ",30
"213",60894,"Техническое обслуживание и контроль работоспособности систем ДВС",3
"214",60717,"Основы программирования на языке Pascal",21
"215",59620,"Newton's Laws of Motion (Physics)",11
"216",60676,"Программирование на Pascal 10 класс 45",21
"217",60641,"Психотерапия. Путеводитель для клиентов",7
"218",60624,"Информатика_67",23
"219",60594,"Практический маркетинг: вводный курс",24
"220",60573,"История зарубежной литературы (конец XIX – начало XXI в.)",23
"221",60571,"Russian as a foreign language. For beginners. ",1
"222",60472,"Методология социологического исследования",24
"223",60464,"Всеобщая история и история России ",25
"224",60418,"Логотерапия: представление о человеке",2
"225",60381,"Философия русского космизма",22
"226",60319,"Reading in English: Harry Potter and the Cursed Child (B1-B2)",15
"227",60244,"Зоопсихология",30
"228",60223,"Pascal. Массивы 9 класс 45 школа",21
"229",59602,"Учим биологию",30
"230",60194,"Фальсификация истории Второй мировой войны",7
"231",60188,"Динозавры",19
"232",60100,"Менталист",10
"233",60092,"IP-телефония с нуля",12
"234",60090,"Компетентное лидерство",14
"235",60010,"Principle of thermodynamics and electrostatics (Physics)",29
"236",59972,"Density and Interaction of Bodies (Physics)",11
"237",59905,"Столицы стран мира",12
"238",59778,"Rustlings",16
"239",59769,"Русский язык как иностранный. Продвинутый уровень.",15
"240",59448,"Путешествие по Вселенной. Часть 1. Шкатулка знаний.",30
"241",59424,"Флаги стран мира",12
"242",59379,"Введение в программирование на языке Python 3. (ГЭК)",17
"243",59358,"Программирование на Pascal 8 классы",21
"244",59247,"Секреты хороших текстов",9
"245",59245,"Как построить бизнес в фармацевтике",5
"246",59233,"Информатика. 8 класс",25
"247",58090,"ПДД 2020",26
"248",58081,"Алгоритмы обработки строковых величин",23
"249",59225,"Программирование на Питон 10 класс",27
"250",59177,"Целебные свойства продуктов питания: обсуждаем по-английски",14
"251",59165,"Подготовка к Scratch-олимпиадам",29
"252",59092,"Основы программирования",17
"253",59015,"Как учиться эффективно. Большой курс",17
"254",58991,"""Внеклассное чтение"" на английском языке",14
"255",58965,"Стратегический менеджмент вводный курс",3
"256",58930,"ОНТИ 2020 Беспилотные авиационные системы",5
"257",58872,"Секреты принятия правильных решений в условиях неопределенности",19
"258",58852,"Python для начинающих",1
"259",58831,"Курс молодого инженера",10
"260",58732,"Нейробика",20
"261",58723,"Введение в С++",23
"262",58692,"Информационные системы в экономике. Работа с СУБД MS Access",3
"263",58678,"Введение в сетевые технологии",10
"264",58673,"Лингвострановедение Китая",24
"265",58647,"Менеджмент для менеджеров отелей",5
"266",58226,"Приготовление сложной холодной кулинарной продукции",2
"267",58638,"Основы  программирования на языке Python в примерах и задачах",12
"268",58629,"Курс 12. Программа лояльности",23
"269",58626,"Микроэкономика: базовый курс. Теория спроса и предложения",4
"270",58606,"Курс молодого инженера: Комплекс для педагогов",10
"271",58532,"ФТЛ C++",16
"272",58514,"Legasoft Java",21
"273",58153,"Русская палеография",24
"274",58487,"Russian as a foreign language. Conversational course.",1
"275",58474,"Legasoft Python",21
"276",58463,"Программирование для ЕГЭ",19
"277",58455,"История мировых религий",9
"278",58454,"Инженерная и компьютерная графика",3
"279",58369,"Как выучить чешский язык своими силами?",1
"280",58092,"Мастерство Отыгрыша",12
"281",58005,"Nota Bene! - школа молодых исследователей",13
"282",57999,"Интенсив по анализу данных NGS: подготовка к участию",14
"283",57978,"XXVI Республиканская заочная олимпиада школьников ""Я познаю мир""",6
"284",57974,"Электроустановка",30
"285",57948,"Программирование на Python [Sanak-lab 2019/20]",29
"286",57895,"Python",29
"287",57862,"Введение в детскую аллергологию",20
"288",57841,"ОГЭ Информатика",18
"289",57839,"[АРХИВ]Deep Learning (осень 2019-2020): базовый поток",27
"290",57834,"C#: From Zero to Hero Course",8
"291",57818,"PHIEP AI101a - Intro to Machine Learning and AI",8
"292",57742,"Грамматика немецкого языка для медиков и фармацевтов. Морфология",26
"293",57737,"Ontology Global University Blockchain Workshop - Online Course",4
"294",57721,"Курс 10. Персонализация: рекомендации",14
"295",57716,"Физика. Physics.",14
"296",57680,"C для начинающих (лекции)",19
"297",57669,"Школьный курс геометрии: 10 класс",14
"298",57654,"Программирование Python 7, 10 класс",23
"299",57623,"Анализ данных",30
"300",57593,"Школьный курс алгебры: 10 класс",19
"301",57589,"Методичка",7
"302",57570,"Soft Skills Creation",17
"303",57556,"ОКДНТИ 2019-2020: ""сквоты"". Основные принципы организации ИБС",24
"304",57551,"ИТ-класс Python",15
"305",57542,"Технология ""Добрый Город""",17
"306",57534,"История исторической науки",24
"307",57511,"Психология экстремальных ситуаций",22
"308",57492,"ЕГЭ ПО ОБЩЕСТВОЗНАНИЮ – полезные материалы.",26
"309",57257,"Менеджер местного сообщества ",5
"310",57218,"Информатика 6С",18
"311",57457,"[АРХИВ]Deep Learning (осень 2019-2020): продвинутый поток",27
"312",57447," ТЕСТ-ДРАЙВ ЕГЭ ",16
"313",57441,"Правовые аспекты образовательных отношений",6
"314",57396,"История России для иностранных граждан",15
"315",57362,"Python Tkinter",11
"316",57339,"Иностранный язык (английский)",15
"317",57294,"Русский язык и культура речи",9
"318",57274,"PASCAL",21
"319",40990,"Основы спутниковой связи",28
"320",57211,"Физика. Полный курс для студентов СПО.",24
"321",57179,"Введение в Python",4
"322",57167,"Минимум по линейной алгебре",18
"323",57139,"Курс 9. Интеграция через операции",23
"324",57133,"СУБД 2019 в ИТМО",28
"325",57118,"Основы финансовой грамотности",15
"326",57107,"ЕГЭ информатика (1 часть) | kotolis.ru",18
"327",56644,"Правовые аспекты обеспечения конфиденциальности перс.данных",3
"328",56620,"Подготовка к ЕГЭ по русскому языку",25
"329",57106,"""Высшая проба"" по электронике и информатике для 9-х классов",26
"330",57082,"Аутогенная тренировка, теория и практика. Авторская методика",27
"331",57062,"Грамматика английского языка для медиков и фармацевтов 1 ",14
"332",57055,"Русский язык как иностранный. Буду учиться в России.",1
"333",57029,"Обработка персональных данных в медицинских организациях",3
"334",57020,"Охрана объектов культурного наследия: Ярославская область",22
"335",57010,"Компьютерная лингводидактика",3
"336",57007,"Чистая энергетика на твердом топливе – это реально",30
"337",56929,"Python in de klas - Klas 1",11
"338",56920,"Python. Фрактал 2019-2020",29
"339",56910,"Ваш первый онлайн-сервис на Python",7
"340",56898,"Адаптационный курс для учащихся ДВФУ",17
"341",54537,"Выбор видеооборудования",10
"342",56883,"Маркетинговые исследования и ситуационный анализ",25
"343",56880,"Introductory Python LIACS",8
"344",56860,"Математика по полочкам",18
"345",56856,"Глобальные тренды и инновационная экономика",13
"346",56831,"Computational Thinking for Engineering 2019 (Group 6)",11
"347",56821,"Kalkulus",11
"348",56812,"Программирование на Scratch",21
"349",56804,"Клиническая биоинформатика: обсуждаем по-английски",14
"350",56762,"Computational Thinking for Engineering 2019 (Group 7)",11
"351",54532,"Beam Katas - Python",18
"352",56741,"ProgTuts: Задачи в сказках. Demo",28
"353",56728,"Азбука финансов",15
"354",56711,"Курс 4. Email-рассылки",23
"355",56710,"Ментальный серфинг - навык будущего",10
"356",56704,"Подготовка к собеседованию Java",5
"357",56664,"Йога курс ""Основы Йоги""",5
"358",56594,"Соточка по русскому",16
"359",56560,"Курс 2. Продукты и заказы",23
"360",56541,"IELTS Academic Express",11
"361",56473,"(v1) Основы инженерного 3D и прототипирования для педагогов",10
"362",56461,"Cálculo II - UFTM",11
"363",56434,"Правовые основы электронного документооборота",5
"364",54530,"Beam Katas - Java",18
"365",56410,"Организация и сопровождение электронного документооборота",5
"366",56401,"Web 3.0 на платформе Waves ",14
"367",56386,"Курс 1. Клиенты и действия",23
"368",56380,"Школа волонтера: базовые понятия",30
"369",56365,"Мыш кродеться. Курс по истории русской орфографии",5
"370",56318,"Технические методы и средства,технологии защиты информации",20
"371",56313,"Курс 3. Фильтры",23
"372",56280,"BI разработчик. Основы работы в Tableau",14
"373",56258,"Информатика для студентов",28
"374",56237," Атлетическая гимнастика",6
"375",56217,"Представление данных: основы",12
"376",56176,"Базовый курс работы с видеоредактором Movavi Video Editor",12
"377",56161,"Волонтерский фандрайзинг — раскладываем на пальцах!",1
"378",56146,"Курс по основам работы контент-менеджера Ивентишес",1
"379",54274,"Онлайн-сборник ОГЭ по математике 2020 (1 часть)",18
"380",56135,"Французский язык ""Français de base"" - Ознакомительная версия",16
"381",56071,"Базовые навыки Excel",15
"382",56048,"Как предотвратить насилие и кибербуллинг в школе?",17
"383",56047,"Комплексное сексуальное образование",17
"384",54268,"Шахматы для детей",20
"385",54265,"Introduction to Dental Materials Science",2
"386",56046,"Эффективное общение родителей с детьми-подростками",17
"387",55997," Задачи Олимпиады НТИ (2018-2019гг)",29
"388",55949,"Задачи с параметрами",18
"389",55946,"Классы на шариках",23
"390",55936,"ЕГЭ по математике: неравенства",18
"391",55929,"Bioinformatics I: Finding Hidden Messages in DNA",16
"392",30058,"ЕГЭ по информатике: B часть",28
"393",55925,"ЕГЭ по математике: уравнения",18
"394",55920,"Решение задач по патологии",2
"395",55918,"Основы программирования на С/C++",23
"396",55901,"Психология инсайта",24
"397",55889,"Школа проектов от Geek Teachers",21
"398",55887,"Основы современной экономики: микроэкономика, макроэкономика",3
"399",1566,"ЕГЭ по информатике. Сборник задач",5
"400",55838,"Школа спикеров от Geek Teachers",5
"401",55789,"Bioinformatics Algorithms: An Active Learning Approach",11
"402",55776,"Расширенные возможности SQL",7
"403",55759,"Business Leader",2
"404",55706,"Стоки. Точка взлета",1
"405",55705,"Информатика",28
"406",55690,"С для начинающих",20
"407",55628,"Курс NIS Computer Science",8
"408",55618,"STM.CLUB и сетевой бизнес",10
"409",55461,"ЕГЭ (Математика) 1 часть | kotolis.ru",18
"410",55405,"Стратегический интернет маркетинг для собственников бизнесов",27
"411",55398,"Easy Korean",25
"412",1280,"Обработка изображений",14
"413",55316,"Обеспечение доступности общественного объекта",6
"414",55280,"Системы видеонаблюдения (часть 2)",28
"415",55141,"Информатика | Неделя на пределе 2019",29
"416",55102,"Информатика 6 класс",12
"417",55089,"Основы проектирования технологических комплексов",23
"418",55072,"ОГЭ по математике: C часть",18
"419",54253,"Путешествия. Начало",12
"420",838,"История России. IX-XIII вв.",25
"421",55014,"Основы программирования микроконтроллеров семейства Arduino",21
"422",54945,"KOREAN SIMPLE 1급. Пробный доступ.",15
"423",54932,"SM-маркетинг. Продвижение в мессенджерах",7
"424",54926,"Основы технологий распределенного реестра",10
"425",54905,"Основы строительного проектирования (практические работы)",4
"426",54888,"Энциклопедия упражнений - тренажерный зал (бета)",25
"427",54869,"FACE HUNTER: Чтение эмоций по лицу",14
"428",54217,"Memulai Pemrograman dengan Kotlin",21
"429",54169,"Ментальная арифметика. Сложение и вычитание. Пробная версия",10
"430",54849,"Предбанник (ЕГЭ по русскому языку)",27
"431",54823,"Оценка персонала и самодиагностика. Базовый курс",17
"432",54703,"Финансовый анализ",3
"433",54620,"Родной русский язык ",9
"434",54604,"Порядок подачи иска в суд общей юрисдикции в электронной форме",6
"435",54044,"Системы видеонаблюдения (часть 1)",28
"436",54434,"Профилактика эмоционального выгорания ""Второе дыхание""",25
"437",54415,"Mastering Web3 with Waves",17
"438",54403,"Программирование на Golang",19
"439",54393,"Подача искового заявления в арбитражный суд в электронной форме",6
"440",54364,"Инструменты БД Scopus",3
"441",54161,"Трейдинг. Базовый уровень. Поиск точки входа.",12
"442",54150,"Контесты для Силаэдра. Питон и паскаль",16
"443",54111,"Японский 101: письменность и произношение",14
"444",54105,"Основы безопасности жизнедеятельности",22
"445",54098,"Нейронные сети и обработка текста",28
"446",54049,"Цели устойчивого развития для НКО",20
"447",53768,"Общие вопросы философии науки",24
"448",53634,"Спортивное программирование",29
"449",53633,"ASD2-Test",11
"450",53562,"English for tourists",14
"451",53516,"«Теория цепей радиоэлектронных и телекоммуникационных устройств»",26
"452",53461,"Основы ЭЭГ",18
"453",53450,"Тактика ведения пациентов с БАС",14
"454",53442,"Финансовая грамотность",17
"455",53441,"Основы строительного проектирования (дела)",4
"456",834,"О Британии вкратце.",16
"457",238,"Introduction to Python",8
"458",53398,"Экономический анализ",3
"459",53348,"Олимпиадная математика с T-Boom",29
"460",53334,"Основы дизайна интерфейсов",1
"461",53288,"Случайные распределения",4
"462",53266,"Практическая педагогика",13
"463",53244,"Introduction to Communication",5
"464",53196,"Поэзия ""оттепели""",25
"465",53182,"JavaScript. Программирование от основ до веб-приложений(+Vue.js)",21
"466",53176,"Предпринимательская деятельность в НКО",1
"467",53084,"Химические формулы, уравнения и задачи!",27
"468",53050,"Модификации генетического кода и ДНК",30
"469",53044,"ДВИ по математике для поступающих в МГУ",18
"470",52966,"Programming Fundamentals",8
"471",52915,"Психология выбора",13
"472",52892,"Методы программирования: базовый уровень",28
"473",52818,"Иммануил Кант в русской культуре",24
"474",52810,"Тропы и фигуры",18
"475",52801,"История Калининградской области",23
"476",52693,"1С: Управление торговлей",20
"477",52689,"Сознательный отказ от военной службы",22
"478",52666,"Основы безопасности жизнедеятельности",22
"479",52661,"Элементарная Алгебра: в Mathcad Express",10
"480",52643,"Инженерная графика. Азбука инженера",10
"481",52600,"Cálculo I - UFTM",11
"482",52530,"Судебный мониторинг",6
"483",52514,"Наноматериалы",30
"484",52483,"Информационные технологии. Работа с электронными таблицами Excel",3
"485",52457,"Занимательная культурология или опыт интерпретации текстов",24
"486",52367,"Летняя школа по биоинформатике 2020 |  Вводный курс",13
"487",52309,"Журнальный клуб 2019",13
"488",52286,"Python Programming for Kids - Level 1",8
"489",52226,"Курс молодого бойца в IT",1
"490",52223,"Философия науки: социогуманитарный блок",24
"491",52222,"Философия науки: математический и естественнонаучный блок",24
"492",52213,"Модуль ""Население РФ"" для подготовки к урокам, ВПР,ОГЭ и ЕГЭ",30
"493",52200,"Разработка мобильных приложений на Qt",21
"494",52165,"Задачи вступительных олимпиад физ-мат школ. 8 класс",19
"495",52135,"Статфизика на коленке",26
"496",52134,"Probability Theory",11
"497",52116,"Введение в арбитраж трафика и CPA маркетинг",4
"498",52108,"Programming II (C/C++)",8
"499",52031,"Психология телодвижений",14
"500",51992,"Информация о продукции АО ""Калинов Родник""",17
"501",51968,"Основы философии",24
"502",51967,"Задачи для изучения языка Kotlin",27
"503",51952,"Политико-правовой  институт выборов",26
"504",51928,"ОНТИ 18/19. Композитные технологии. Этап 2. Разбор.",30
"505",51924,"ОНТИ 18/19. ППТ. Этап 2. Разбор.",23
"506",51904,"Марафон ""Соточка по русскому"": орфография",16
"507",51899,"Курс 1. Быстрый старт в Android-разработку",21
"508",51898,"Внутренний финансовый контроль и аудит",3
"509",51850,"Проектирование механических инженерных систем в Autodesk Revit",21
"510",51835,"GAP - Java Course",21
"511",51816,"«Земля из космоса» – геоинформатика и анализ космических снимков",30
"512",51762,"ОГЭ по информатике 2019",28
"513",51754,"OCHS: Introduction to Programming (Hr5)",16
"514",51739,"Современное банковское право России",6
"515",51723,"Introduction to Programming (Hr6)",16
"516",51687,"Постмодернизм",24
"517",51497,"Курс 3. Архитектура Android-приложений",21
"518",51675,"Проектирование баз данных",23
"519",51673,"Python for LUC",16
"520",51636,"Марафон ""Соточка по русскому"": пунктуация",16
"521",51631,"Физическая химия дисперсных систем",30
"522",51586,"Русский язык 5 класс",25
"523",51567,"Классификация вычислительной техники",28
"524",51548,"Русский язык 7 класс",25
"525",51541,"Описание программы ""Прямолинейной системы продаж""",19
"526",51519,"Как стать успешным дистанционным преподавателем",27
"527",51420,"Моделирование в Компас-3D для начинающих",10
"528",51367,"Обществознание. Учебный курс",25
"529",51353,"Problem Solving with Programming 2019-01",8
"530",51345,"Информатика в школе ",28
"531",51322,"Discover Turtles: Drawing With Python",2
"532",51235,"Охрана труда для ""чайников""",22
"533",51214,"Программирование станка с системой ЧПУ FANUC (и Sinumerik)",29
"534",51211,"Разработка игр на Unity 3D",12
"535",49808,"Тренировочные варианты ЕГЭ по информатике",18
"536",51181,"Основы конструкции автомобиля",12
"537",51176,"Физическая культура. Фитнес",12
"538",51168,"Интернет. Веб-разработка 7-11 кл. HTML, CSS, JS",27
"539",51162,"Посмотри на мир с помощью математики!",7
"540",51141,"Государство: понятие, признаки, виды",26
"541",51112,"Интерактивный учебник по программированию на C++",12
"542",51108,"Основы программирования на языке Python",19
"543",51023,"Работа судебного юриста с гражданским делом. Некоторые основы.",24
"544",51015,"MS Visio – рисовалка для всех и вся",3
"545",50927,"Олимпиада ОИК (январь 2019)",29
"546",50864,"География 10-11 класс",30
"547",50854,"Интервьюирование и консультирование для начинающих юристов",6
"548",50850,"Python для анализа данных",7
"549",49802,"Pascal",23
"550",50700,"Работа в СДО Moodle. Роль ""Преподаватель""",19
"551",50672,"Английский для медиков (English for medical students)",16
"552",50659,"Подготовка к ОГЭ по информатике",28
"553",50621,"Применение технологии смешанного обучения на уроках информатики.",25
"554",50527,"Биологические основы психопатологий",22
"555",50487,"Правоведение ",6
"556",50447,"Олимпиада ОИК",17
"557",50422,"Easy English",25
"558",50407,"Math & Computer Science Club by Harbour.Space University",16
"559",50396,"Видеокурс ""Построение бизнес-процессов для экопредпринимателей""",20
"560",50394,"Русский язык как иностранный для специальных целей",9
"561",50389,"Введение в методологию историко-правовых исследований",24
"562",46122,"Некоторые элементы олимпиадной подготовки по математике",19
"563",45883,"ЕГЭ Информатика 2018",18
"564",50356,"Институт мировой юстиции",6
"565",50352,"Нейронные сети и компьютерное зрение",28
"566",50341,"LaunchCode's Discovery @ Community College Prep",27
"567",50305,"Подготовительный курс по машинному обучению ",15
"568",50288,"Китайские иероглифы",16
"569",50282,"Introductory Kotlin workshop for programmers",8
"570",50259," Advanced nanomaterials science  (Nanomagnetism fundamentals)",11
"571",23355,"Школа городских изменений ZMENA. Дополнительный курс",1
"572",50224,"Введение в грамматику испанского языка",25
"573",50185,"Практические работы по английскому языку",14
"574",50169,"Программирование Python. Информатика ОГЭ, ЕГЭ, олимпиады.",29
"575",50140,"Основы геологии",30
"576",50138,"Юриспруденция для не-Юристов",6
"577",50129,"BIM Planet No1. Знакомство с Dynamo (полный курс Динамо)",12
"578",50115,"Контроль качества биотехнологических препаратов",26
"579",50094,"Introduction to Computer Science",8
"580",23351,"Русский язык. 10 класс",9
"581",50077,"Международное уголовное право ",6
"582",50042,"Russia, China and the U.S. in the Asia-Pacific Region",11
"583",50024,"Как подготовиться к ЕГЭ по физике",13
"584",50023,"Как (не) обанкротить фирму за 20 дней ",22
"585",49948,"Программирование на Python",23
"586",49942,"""Безопасность в сети Интернет""",28
"587",49858,"Тренировочные варианты ЕГЭ по математике",18
"588",49750,"Прогрессии. Задачник-тренажёр ОГЭ.",18
"589",49746,"Создание игр с помощью Kodu Game Lab",12
"590",49666,"English for law students ",11
"591",49646,"Документирование профессиональной деятельности",3
"592",49643,"Основы биофармации",22
"593",49565,"Наноструктурные средства доставки лекарственных веществ",27
"594",23194,"Література другої половини XXст.",24
"595",49555,"Cовременные практики бирюзового управления",19
"596",49433,"Олимпиадный прорыв",19
"597",49181,"Introduction to programming with dependent types in Scala (2019)",16
"598",49169,"Китайский язык для чайников (HSK 1)",1
"599",49101,"Польский язык. Часть 3 (B1). Inne części mowy",20
"600",48985,"How to Do Business with Russians",2
"601",48813,"Проще говоря. Ежедневный банкинг и финансы",19
"602",48755,"Русский язык и культура речи",9
"603",48732,"Импульс тела и закон сохранения импульса",14
"604",48679,"Математическая логика и теория алгоритмов",28
"605",48615,"Physics",11
"606",48612,"Basic Life Support and Automated External Defibrillation",18
"607",48610,"Introduction to Vladivostok",16
"608",48425,"English for 1C People",11
"609",48294,"Введение в дизайн-мышление",19
"610",48228,"KWU KUMITE REFEREEING RULES",8
"611",47952,"Физическая культура",12
"612",47828,"Основы поисковой оптимизации (SEO). Факторы ранжирования сайтов",23
"613",47563,"Введение в профессию адвоката",17
"614",47483,"Маркетинг",27
"615",47479,"Биология. Химия. (10-11 кл.)",30
"616",47362,"Artur Gorczyński - Intro to Python",16
"617",47207,"Brainly - Python",4
"618",46793,"ЕГЭ Информатика 2018: Программирование",18
"619",46792,"ЕГЭ Информатика 2018: Элементы теории алгоритмов",18
"620",46789,"ЕГЭ Информатика 2018: Моделирование и компьютерный эксперимент",18
"621",43615,"Bioinformatics Contest 2019",8
"622",46778,"ЕГЭ Информатика 2018: Логика",18
"623",46775,"Узнай философа",5
"624",46745,"Python Skills for Handling Biological Data",8
"625",46740,"ЕГЭ Информатика 2018: Информация и её кодирование",18
"626",46736,"ЕГЭ Информатика 2018: Системы счисления",18
"627",46678,"Математика СД-2",18
"628",46675,"Словосочетание",9
"629",46671,"Правила соревнований KWU (кумитэ)",5
"630",46451,"Математика СД-1",18
"631",46421,"INF101: Einführung in die Informatik (WS2018)",2
"632",38218,"Веб-разработка для начинающих: HTML и CSS",27
"633",38207,"ЛЭТИ матанализ 1 семестр ИДЗ №1",14
"634",37363,"INF105: Informatik und Gesellschaft",11
"635",36403,"Польский язык. Часть 2 (А2). Czas na czasownik",20
"636",35480,"Основы экономики для школьников",17
"637",33949,"Разработка на платформе Java",11
"638",33397,"Coursera Mentor Guide",10
"639",32065,"Самостоятельная работа в курсе ""Общая экология""",24
"640",29755,"Теория физической культуры",9
"641",31893,"Социальное проектирование в НКО",1
"642",31891,"Как учиться эффективно. Цикл Колба",19
"643",31303,"Аспекты рационального применения лекарственных средств",10
"644",31182,"Введение в Python (7-8 классы)",23
"645",30576,"Числа и вычисления. Задачник-тренажёр ОГЭ.",18
"646",30411,"Макроэкономическое планирование и прогнозирование (МЭПП)",13
"647",29754,"Благопредприниматель",17
"648",29577,"Методы планирования эксперимента",28
"649",29467,"Решение инженерных кейсов",29
"650",28995,"Искусство аддитивных технологий (3D-печать/3D-printing)",7
"651",28608,"#спасибочтоделишься: курс для координаторов Тотального диктанта ",7
"652",27933,"Инстаграм марафон",12
"653",27475,"Школа юных добровольцев",30
"654",27275,"Программа обучения по охране труда медицинского персонала",3
"655",25686,"Информатика, 10 класс",29
"656",25439,"Задачи повышенной сложности по математике для старшеклассников",19
"657",25006,"Программа обучения и проверки знаний по охране труда ",3
"658",24913,"Польский язык. Основы (А1). Быстрое обучение чтению",20
"659",24660,"Introduction to Plasmonics",11
"660",24389,"Олимпиада НТИ 2018-2019. Демо-этап.",29
"661",23357,"Основы технологического предпринимательства",5
"662",24385,"PROкачай ЭКОлайф",28
"663",24303,"Шахматы. Основы для начинающих",23
"664",24055,"Школа зооволонтёра",6
"665",23544,"Problem Solving with Programming 2018",8
"666",23444,"Профайлинг. Как читать людей?",17
"667",22402,"ЕГЭ по математике: экономическая задача",18
"668",21476,"История",24
"669",21115,"Обществознание",26
"670",20886,"ГО и ЧС",4
"671",20403,"AtomicKotlin",11
"672",19258,"История России в документах",6
"673",19059,"ЕГЭ по базовой математике",18
"674",18132,"Просто о МодульКассе",20
"675",17869,"ЕГЭ и ОГЭ по математике: текстовая задача",18
"676",17868,"Работа с местным сообществом для активистов и НКО",5
"677",17830,"Гибкое мышление",22
"678",16937,"Подготовка к аккредитации LEED GA / AP",4
"679",16657,"Сравнительное Программирование (Delphi - C++ - Java - Prolog)",28
"680",15578,"English for Sales and Purchasing",11
"681",16640,"Создание Web-сервисов на Python",27
"682",16639,"ООП и паттерны проектирования в Python",23
"683",16638,"Погружение в Python",21
"684",16478,"Тестирование ПО: подготовка к сертификации ISTQB Foundation",6
"685",16423,"TechSpark Companion Course",11
"686",16245,"Знакомство с программированием (учебная среда ChipDrawing)",17
"687",16244,"Программное обеспечение компьютерных сетей",20
"688",16243,"Введение в Scala",21
"689",16099,"Пожарно-технический минимум",22
"690",15833,"Работа в СДО Moodle. Роль ""Студент""",19
"691",15802,"Облачные приложения для начинающих",21
"692",15697,"Задачи Олимпиады НТИ (2017-2018гг)",29
"693",15479,"Fundamentals of Software Testing",11
"694",14990,"AGILE. Вводный курс",2
"695",14905,"Безопасность АСУ ТП. Вводный курс",22
"696",14553,"PowerPoint",27
"697",13929,"Hexlet: Введение в программирование (JavaScript ES6)",21
"698",13222,"Первая помощь при остановке сердца (базовая реанимация)",14
"699",11811,"История философии",24
"700",11646,"Биология",30
"701",11488,"Основы теории информации",20
"702",8362,"CS 2263-System Software Development - Intermediate C Programming",8
"703",11263,"Основы логики. Курс для школьников 7-11",23
"704",11136,"Работы на высоте",10
"705",11005,"Азы музыкальной теории. Ноты и их запись",19
"706",10829,"Информатика",27
"707",10524,"Как писать научные статьи",13
"708",10498,"Летняя Java школа",12
"709",10425,"JIRA: ведение задач на электронных досках",20
"710",10404,"Школа городских изменений ZMENA. Основной курс",1
"711",10091,"Диагностирование и ремонт силовых агрегатов транспортных средств",3
"712",10083,"Охрана труда",22
"713",9999,"Русский язык (5 класс)",25
"714",9995,"Основы Программирования [Java]",7
"715",9976,"Финансовая математика: кредиты и вклады",18
"716",9737,"ЕГЭ по математике: первая часть",18
"717",9446,"GoTo_Test_Summer 2018",4
"718",9424,"English Grammar for 1C People",11
"719",9200,"Базовый курс по вычислительной геометрии",14
"720",9182,"Генетика и геномика популяций",13
"721",9180,"Молекулярная биология клетки",30
"722",8971,"Программирование в КУМИРе",19
"723",8952,"ЕГЭ по математике: координатно-векторный метод",18
"724",7369,"Сайт своими руками за 5 дней",27
"725",8761,"КОСМОС ЗОВЁТ !",1
"726",8708,"Никогда не пиши «ни когда». Онлайн-курс Тотального диктанта",5
"727",8571,"Программируем на Scratch",17
"728",8508,"Теория, методология и философия истории",24
"729",8429,"Основы продвижения книги",22
"730",8290,"ЕГЭ Информатика 2018",18
"731",8278,"Подготовка к квалэкзамену: «Оценка недвижимости»",25
"732",8146,"Алгоритмы и структуры данных",10
"733",8141,"Обособленные члены предложения",9
"734",8092,"Секвенирование 3-го поколения на Oxford Nanopore",14
"735",6891,"English for International Projects",17
"736",8057,"Машинное обучение",7
"737",7798,"Подготовка к ЕГЭ по русскому языку",27
"738",7519,"Успешная региональная благотворительность: кухня Добрых городов",17
"739",7502,"Пробный тест для подготовки к Дистанционной олимпиаде 2018 г.",17
"740",7412,"Управление транспортно-логистическими проектами",30
"741",6864,"Java. Classes",8
"742",7353,"Однострочники UNIX: идиомы awk, опции POSIX-utils + полезняшки",4
"743",7260,"Государственная гражданская служба в Российской Федерации ",3
"744",7215,"Алгоритмизация. Программирование. Python 3 для школьников 5-10кл",23
"745",7186,"Вакцинопрофилактика пневмококковой инфекции",14
"746",7185,"Эпидемиологические особенности пневмококковой инфекции",14
"747",7012,"Управление знаниями",15
"748",6858,"Java. Introduction",8
"749",6699,"Основы клинического использования антибиотиков",10
"750",6673,"6 Introduction to Python",16
"751",6667,"Философия",24
"752",6660,"Методика судейства и концепция состязаний ВРО 2018",17
"753",6641,"Информатика, 9¾ класс",25
"754",6574,"Арифметические действия с обыкновенными дробями ",5
"755",6536,"Контент Менеджмент ",1
"756",6523,"Электробезопасность",16
"757",5842,"Содействие международному развитию: теория и практика",30
"758",6515,"Деловой английский (Upper-Intermediate)",15
"759",6421,"Биология. Химия. (8-9 кл.)",30
"760",6405,"Мобильная реклама в Facebook",21
"761",6383,"Английский для международных автомобильных перевозок",30
"762",6376,"""Вкусный"" Английский",14
"763",6315,"English vocabulary (Full)",11
"764",6312,"English vocabulary (pro)",11
"765",4907,"Введение в гидропонику",21
"766",6303,"Деловой английский (Intermediate)",15
"767",6283,"Молекулярная физика и термодинамика",19
"768",6243,"English vocabulary (medium)",8
"769",6097,"Томография: увидеть невидимое",26
"770",6095,"Сам себе логист. Развиваем предпринимательское мышление",20
"771",5917,"SMM - менеджмент",22
"772",5779,"Онлайн-технологии в обучении",20
"773",5706,"Подготовка к ЕГЭ по Обществознанию.",26
"774",5703,"Разработка мобильных приложений для Android",21
"775",5645,"British History and Culture",11
"776",5608,"Теория графов",18
"777",5599,"Основы языка Pascal",21
"778",5582,"Английский для биологов",14
"779",5482,"Основы программирования",19
"780",5448,"Введение в Kotlin JVM",21
"781",5444,"Эффективное проектирование в ACAD",23
"782",5423,"Российская империя и русский национализм",13
"783",5420,"Английский по песням",14
"784",5398,"Кодирование и системы счисления",28
"785",5352,"Неравенства",18
"786",5304,"Управление проектами в медицинской организации",3
"787",5287,"Персонализированная медицина",30
"788",5284,"Информация о лекарственных средствах для пациента",10
"789",5207,"Создание курса на Stepik",21
"790",5098,"Курс повседневного английского (Intermediate)",5
"791",4940,"Линейная алгебра и геометрия. Часть 2: векторная алгебра",10
"792",4938,"Уравнения",18
"793",4930,"Principles of Regenerative Medicine",18
"794",4929,"Regenerative Medicine and Tissue Engineering",18
"795",4908,"Тренажер трансформации родительских страхов. Часть 1",17
"796",4900,"Задачи для изучения языка Kotlin осенью 2019-го и зимой 2020-го",27
"797",4859,"Fundamentals of General Chemistry",29
"798",4852,"Введение в Data Science и машинное обучение",7
"799",4848,"ЕГЭ по английскому языку 2018",25
"800",4846,"Электронное здравоохранение (eHealth). Основные понятия",3
"801",4794,"Подготовка к экзамену IELTS",5
"802",4792,"Разработка Android-приложений на Kotlin",21
"803",4844,"Регенеративная медицина и тканевая инженерия",26
"804",4843,"Основы регенеративной медицины",26
"805",4836,"Молекулярная генетика в онкологии",30
"806",4823,"Курс «Руководитель отдела холодных продаж»",19
"807",4785,"МедиаГИД",11
"808",4782,"Курс повседневного английского (Upper-Intermediate)",5
"809",4767,"Оказание первой доврачебной помощи",3
"810",4655,"Мужчина и женщина в современном мире",24
"811",4603,"Математика для олимпиад по программированию",29
"812",4598,"Логика",28
"813",4594,"Риторика",20
"814",4566,"VR-интенсив",21
"815",4556,"подготовка к ЕГЭ по информатике",18
"816",4519,"Python для решения практических задач",7
"817",4484,"Проектное моделирование научных исследований",3
"818",762,"Основы Linux",7
"819",4471,"Теория аргументации",25
"820",4464,"Использование онлайн-курсов для непрерывного самообучения",20
"821",4396,"HSE Data Science Minor: 3 курс, 2017",26
"822",4378,"Финансовая грамотность",17
"823",4377,"Bioinformatics Contest 2018",8
"824",4350,"Основы интернет-маркетинга",27
"825",4310,"Уроки истории в школе",25
"826",4307,"Основы Google Рекламы",27
"827",4271,"Трехмерное моделирование ",10
"828",4261,"LaunchCode's Discovery",27
"829",4232,"Создание инфографики",5
"830",4231,"Финансовая грамотность для школьников",17
"831",4161,"Программирование на С++ кадетский корпус (школа ИТ)",25
"832",4143,"Программирование на C#",1
"833",4113,"Криптография и способы защиты информации",20
"834",4087,"Документация про типы шагов на Stepik",21
"835",3944,"Проектирование на C#",19
"836",3938,"Введение в программирование (практика)",7
"837",3686,"INF101: Einführung in die Informatik",2
"838",3623,"Астрономия ВНГ",4
"839",3616,"Основы робототехники ВНГ",4
"840",3606,"Decentralized Applications on Ethereum platform",8
"841",3598,"Подготовка к Олимпиаде НТИ (на основе задач 2016/17 года)",29
"842",3594,"Углубленная и олимпиадная физика",19
"843",3554,"Полезные функции Excel",10
"844",3538,"Риск-ориентированный подход в КНД",6
"845",3487,"Корпоративный фандрайзинг для НКО",1
"846",3468,"Публичная дипломатия США",12
"847",3432,"JavaScript for Beginners",8
"848",3410,"Жить в России: курс социально-правовой адаптации ",6
"849",3356,"Практикум по математике и Python",23
"850",3352,"Программирование на Pascal",12
"851",3346,"Задачи по физике ВНГ",4
"852",3320,"GoTo Camp Test 2017",4
"853",3150,"TOEFL vocabulary",8
"854",3278,"Многопоточность в iOS (Swift)",21
"855",3275,"Data Structures (University of Puerto Rico)",18
"856",3248,"Квантовые вычисления",15
"857",3209,"Теория вероятностей – наука о случайности. Часть 2",18
"858",2119,"Конструирование космической техники",28
"859",3206,"Программирование на языке C++ (продолжение)",7
"860",3203,"Погружение в СУБД. Сезон 2017.",7
"861",3191,"Измерение, кодирование и обработка информации",23
"862",3179,"Как использовать Робота Веру в массовом подборе персонала?",19
"863",3174,"Семейное право",3
"864",3157,"Финансовая грамотность для НКО",1
"865",3149,"Common English Adjectives",8
"866",3145,"Основы Git",7
"867",3141,"Социальная история западноевропейской гравюры Старых Мастеров",19
"868",3128,"Задачи вступительных олимпиад физико-математических школ",19
"869",1676,"Начало работы с WPF. Visual Studio",21
"870",3124,"Common English Verbs",8
"871",3112,"Learning English with Skyeng words",8
"872",3094,"Язык программирования C++",16
"873",3089,"Теория вероятностей",10
"874",3078,"Основы программирования на C. Задачи.",29
"875",3067,"Adaptive GMAT Problem Solving",8
"876",3066,"Теория вероятностей",18
"877",3050,"Introduction to JavaScript and React",8
"878",2614,"Базы данных",7
"879",3039,"Введение в Perl",21
"880",3016,"Измерение информации",19
"881",3011,"Введение в робототехнику",22
"882",3005,"Электроника и схематехника аналоговых устройств",26
"883",2982,"""Направляющие системы связи""",30
"884",2911,"Теория вероятностей – наука о случайности",18
"885",2907,"Chemistry 12 grade",29
"886",2831,"Подготовка к ЕГЭ по информатике",18
"887",2795,"Математика 1",18
"888",2757,"История развития физики в России",24
"889",2645,"My pronunciation guide",8
"890",2621,"ОСНОВЫ Html & CSS  ",27
"891",2262,"Java. Collections",8
"892",2223,"JavaScript для начинающих",21
"893",2215,"Оптика",5
"894",2608,"Stepik Contest. Computer Science",8
"895",2607,"Stepik Contest. Data Science",8
"896",2606,"Stepik Contest. JavaScript",8
"897",2600,"Stepik Contest. Java",8
"898",2586,"Введение в нереляционные базы данных",7
"899",2557,"Введение в биоинформатику: метагеномика",13
"900",2552,"Олимпиадные задачи по математике (5 класс)",19
"901",2542,"Неорганическая химия: введение в химию элементов",18
"902",2521,"Java. Java concurrency",11
"903",2496,"Applied Computer Science. Docker",4
"904",2480,"General English for First-Year Students of Humanities",8
"905",2473,"JavaScript. Introduction for beginners",8
"906",2472,"Квантовая физика",26
"907",2407,"Data Science. Introduction to Julia",8
"908",2403,"Adaptive Java",8
"909",2376,"Основы управления проектами",3
"910",2347,"Подготовка к ОГЭ по информатике (интенсивный курс)",18
"911",2345,"Data Science. Effect sizes",2
"912",2341,"Введение в разработку приложений на Sailfish OS",21
"913",2336,"Обработка и анализ временных рядов",7
"914",2333,"Игротехника в образовании 21 века: курс для педагогов",12
"915",2297,"ECMAScript: arrays and objects as data containers",8
"916",2294,"ThCS. Introduction to programming with dependent types in Scala",16
"917",2285,"Вводный курс для биологов. Летняя школа по биоинформатике 2017",13
"918",2213,"Инженерия будущего",19
"919",2202,"Обеспечение качества сложных технических систем",3
"920",2174,"Олимпиада по программированию и информатике",19
"921",2159,"Applied Computer Science. Git",7
"922",2154,"Modeling and Simulation using R",8
"923",2152,"Основы статистики. Часть 3",7
"924",1591,"Класс Насекомые",19
"925",2096,"Поиск средств для НКО",1
"926",2088,"Principles of integrated and value-based healthcare",4
"927",2054,"Молекулярная филогенетика",30
"928",2041,"Методика судейства и концепция состязаний ВРО 2017",17
"929",2030,"Химия 10 класс",18
"930",2019,"Chemistry 11 Grade",29
"931",2009,"Экспресс-курс ""Управление проектами в MS-Project 2016""",19
"932",1925,"JavaScript. Node.js",8
"933",1911,"Разработка сайтов на HTML5/CSS3",27
"934",1906,"Adaptive GMAT Data Sufficiency Problems",22
"935",1891,"Java. Collections Framework.",11
"936",1888,"Информатика (5 класс)",18
"937",1884,"Подготовка к ОГЭ по информатике",18
"938",1878,"Анализ данных в Google Analytics",27
"939",1838,"ПДД",26
"940",1818,"Устойчивое развитие — стратегия планеты Земля",20
"941",1799,"Введение в метод молекулярной динамики",23
"942",1587,"Тренируй английский со Stepik",15
"943",1571,"Метод Монте-Карло (не закончен)",18
"944",1795,"Technical maintenance of aircraft  and aircraft engines",7
"945",1780,"Операционные системы",28
"946",1753,"Организация и обслуживание воздушных перевозок",12
"947",1725,"Наука для детей: наглядные опыты дома",17
"948",1709,"Data Science. Logistic Regression",4
"949",1677,"Техническая эксплуатация летательных аппаратов и двигателей",25
"950",1655,"Китайский язык",9
"951",1613,"Теоретическая информатика: сложность вычислений",7
"952",1612,"Управление вычислениями",15
"953",1611,"Теоретическая информатика: вычислимость",7
"954",1595,"Java. Functional programming",11
"955",1565,"Французский язык: Грамматический конструктор",10
"956",1564,"Латинский язык: Грамматический конструктор",10
"957",1497,"Python. Data type ",8
"958",1480,"Программирование на языке Python",23
"959",1452,"Курс для преподавателей Stepik",12
"960",1403,"HSE Data Science - 2",8
"961",1383,"Подготовка к ОГЭ по Обществознанию",26
"962",1378,"Классическая механика",26
"963",1296,"Подготовка к Олимпиаде НТИ (на основе задач 2015/16 года)",29
"964",1271,"Игротехника в образовании 21 века: курс для педагогов ",12
"965",1240,"Введение в базы данных",7
"966",1233,"Введение в обработку естественного языка",10
"967",1232,"Игрофикация",5
"968",1171,"Bioinformàtica UAB",11
"969",1142,"Введение в NGS. Часть 1",30
"970",1128,"Постановка задачи на разработку ПО",21
"971",1127,"Основы дискретной математики",10
"972",1039,"Что нужно знать о мебели, чтобы ее продавать.",1
"973",971,"Pokemon! Gotta Catch 'Em All",11
"974",957,"Биоинформатика и компьютерное конструирование лекарств",30
"975",951,"Уроки математики 5 класс",18
"976",945,"Bioinformatics Contest 2017",8
"977",902,"Введение в дискретную математику",18
"978",749,"Сопротивление материалов",26
"979",738,"Информационное моделирование зданий",21
"980",736,"Подготовка к ЕГЭ по обществознанию (интенсивный курс)",26
"981",735," Подготовка к ЕГЭ по математике (интенсивный курс)",26
"982",734,"Подготовка к ЕГЭ по русскому языку (интенсивный курс)",26
"983",733,"Подготовка к ЕГЭ по химии (интенсивный курс)",18
"984",724,"Анализ данных в R. Часть 2",7
"985",720,"Историческая антропология",24
"986",716,"Математический анализ (часть 1)",10
"987",714,"Третейское судопроизводство: новеллы, теория, практика.",15
"988",711,"Математический анализ (часть 2) ",10
"989",702,"Онлайн-школа ТД-2018",19
"990",701,"Introduction to Statistics",2
"991",693,"Функциональное программирование на языке Haskell (часть 2)",7
"992",549,"Введение в молекулярную биологию и биомедицину",26
"993",684,"Easy Way to Technical Writing",8
"994",672,"Подготовка к ЕГЭ по физике (интенсивный курс)",26
"995",657,"Путешествие по Транссибу со Stepik",16
"996",650,"Современная космонавтика",23
"997",579,"Data Structures",8
"998",578,"Научное мышление",1
"999",575,"Автоматизация тестирования с помощью Selenium и Python",7
"1000",567,"Диаграммная техника Фейнмана и другие диаграммные методы",19
"1001",566,"Тренажёр ЕГЭ 2016 / Математика. Базовый уровень",18
"1002",552,"Comparing Genes, Proteins, and Genomes (Bioinformatics III)",9
"1003",551,"Введение в базы данных",7
"1004",548,"Основы программирования для Linux",28
"1005",524,"Основы статистики. Часть 2",7
"1006",518,"Stepic Contest",19
"1007",512,"Python: основы и применение",19
"1008",502,"Russia's Gas Strategy",13
"1009",497,"Основы программирования на R",7
"1010",459,"Инновационное предпринимательство",5
"1011",458,"Как работает реактивный двигатель",25
"1012",457,"Самолетостроение",4
"1013",439,"Тренажёр ЕГЭ / Математика. Базовый уровень",18
"1014",432,"Введение в физику. Тепловые и электромагнитные явления",26
"1015",431,"Адаптивный тренажер Python",29
"1016",419,"Компьютерная графика: основы",14
"1017",401,"Нейронные сети",28
"1018",326,"Математическая статистика",25
"1019",253,"Введение в архитектуру ЭВМ. Элементы операционных систем.",28
"1020",217,"Алгоритмы: теория и практика. Методы",10
"1021",208,"Биржевые опционы: базовый курс",13
"1022",191,"Безопасность в интернете",27
"1023",187,"Java. Базовый курс",19
"1024",156,"Алгоритмы и структуры данных",10
"1025",155,"Физика. Теоретический минимум",26
"1026",154,"Web-технологии",27
"1027",153,"Углубленное программирование на C/C++",23
"1028",150,"Hadoop. Система для обработки больших объемов данных",7
"1029",149,"Многопоточное программирование на С/С++",13
"1030",146,"Разработка веб сервиса на Java (часть 1)",21
"1031",144,"Подготовительная программа по программированию на С/C++",23
"1032",132,"Политические процессы в современной России",26
"1033",131,"Развитие рационального интеллекта",25
"1034",129,"Анализ данных в R",7
"1035",127,"Анализ безопасности веб-проектов",1
"1036",126,"Основы теории графов",10
"1037",125,"Основы перечислительной комбинаторики",18
"1038",118,"Finding Hidden Messages in DNA (Bioinformatics I)",9
"1039",117,"StepCTF 2015",7
"1040",104,"Введение в теоретическую информатику",7
"1041",97,"Bioinformatics Algorithms (Part 2)",16
"1042",95,"Введение в математический анализ",10
"1043",94,"Биотехнологии: генная инженерия",30
"1044",91,"Ликбез по дискретной математике",10
"1045",88,"Управление интеллектуальной собственностью: основы для инженеров",10
"1046",85,"Базовый курс подготовки к ОГЭ по математике",18
"1047",84,"Компьютерная графика: основы",14
"1048",83,"Дискретные структуры",10
"1049",82,"Инвестиционный банкинг изнутри",15
"1050",81,"Журналистика и медиаграмотность",4
"1051",79,"Linear Algebra: Problems and Methods",15
"1052",76,"Основы статистики",7
"1053",75,"Функциональное программирование на языке Haskell",7
"1054",73,"Введение в Linux",28
"1055",70,"Молекулярная биология и генетика",30
"1056",1,"Epic Guide to Stepik",8
"1057",67,"Программирование на Python",19
"1058",63,"Алгоритмы и структуры данных",10
"1059",61,"Bioinformatics Algorithms",8
"1060",60,"Курс выживания в Санкт-Петербурге",13
"1061",51,"Археология фольклора: мифологические мотивы на карте мира",26
"1062",43,"City Design",16
"1063",7,"Программирование на языке C++",29
"1064",2,"Bioinformatics Algorithms",8
"1065",62912,"Аутизм. Начинаем работу. Часть 1.",25
"1066",71392,"Как создать стартап",5
"1067",69755,"Уроки по физической культуре для первых классов",12
"1068",68432,"Физическая культура. Начальное звено.",9
"1069",67245,"Программирование на Python: ""На старт, внимание, Code!""",29
"1070",64243,"Пресс-служба",22
"1071",50277,"BIM Planet No2. Погружение в IronPython и Revit API",29
"1072",70411,"SolidWorks, основы трёхмерного моделирования",10
"1073",68562,"Технология. Устройство и измерения штангенциркулем.",9
"1074",63274,"Правовая академия НКО",6
"1075",71738,"Психология саморазвития",1
"1076",67117,"Термодинамика и молекулярная физика",19
"1077",66683,"Физическая культура",12
"1078",64968,"""Поток..."" М. Чиксентмихайи. Изучаем книги библиотеки Сбербанка",13
"1079",63709,"Управление личными финансами",19
"1080",55971,"Базовый курс по структурам данных",19
"1081",60621,"Гербы стран мира",12
"1082",72003,"Copy of Информатика и ИКТ в профессиональной деятельности ",3
"1083",69186,"Our favourite English 1 (for first-year students)",17
"1084",66874,"Анализ аудитории для образовательных проектов",27
"1085",66848,"Литература (8 класс)",1
"1086",66101,"Краудфандинг в России и Мире. Полный курс",1
"1087",56495,"Марафон ""Соточка по русскому"": лексика и работа с текстом",16
"1088",69694,"Защищенный договор: блокчейн-программирование и смарт-контракты",10
"1089",69935,"ЗАЧЁТ ПО ОРГАНИЧЕСКОЙ ХИМИИ",18
"1090",67563," Изучаем тело как иностранный язык",14
"1091",65477,"Как стать участником проекта ""Сколково""",14
"1092",62841,"Ушу Обучение Базовым Упражнениям",25
"1093",59213,"Шаблонизатор",1
"1094",69571,"Шахматы. Начальный курс.",19
"1095",67899,"Развитие математического мышления для будущих инженеров",29
"1096",65296,"Домашние задания ЕГЭ",19
